{"cameraMode":{"drawMode":0,"name":"Shaded","section":"Shading Mode"},"sceneLighting":false,"audioPlay":false,"sceneViewState":{"m_AlwaysRefresh":false,"showFog":true,"showSkybox":false,"showFlares":true,"showImageEffects":true,"showParticleSystems":true,"showVisualEffectGraphs":true,"m_FxEnabled":true},"in2DMode":false,"pivot":{"x":-0.0016686879098415375,"y":-0.005544703453779221,"z":-0.000024047214537858963},"rotation":{"x":0.20752432942390443,"y":0.7743954658508301,"z":-0.3172444701194763,"w":0.5065844058990479},"size":0.022568324580788614,"orthographic":false}