{"cameraMode":{"drawMode":0,"name":"Shaded","section":"Shading Mode"},"sceneLighting":false,"audioPlay":false,"sceneViewState":{"m_AlwaysRefresh":false,"showFog":true,"showSkybox":false,"showFlares":true,"showImageEffects":true,"showParticleSystems":true,"showVisualEffectGraphs":true,"m_FxEnabled":true},"in2DMode":false,"pivot":{"x":-41.88013458251953,"y":-21.09309959411621,"z":27.22017478942871},"rotation":{"x":-0.0011687471996992827,"y":0.8786942958831787,"z":-0.0020942578557878734,"w":-0.4774143397808075},"size":0.14258112013339997,"orthographic":false}