{"cameraMode":{"drawMode":0,"name":"Shaded","section":"Shading Mode"},"sceneLighting":false,"audioPlay":false,"sceneViewState":{"m_AlwaysRefresh":false,"showFog":true,"showSkybox":false,"showFlares":true,"showImageEffects":true,"showParticleSystems":true,"showVisualEffectGraphs":true,"m_FxEnabled":true},"in2DMode":false,"pivot":{"x":1.1465709209442139,"y":2.0971436500549318,"z":0.05596134439110756},"rotation":{"x":0.3303752839565277,"y":0.5090992450714111,"z":-0.2202529013156891,"w":0.7636626362800598},"size":0.4330157935619354,"orthographic":false}