{"cameraMode":{"drawMode":0,"name":"Shaded","section":"Shading Mode"},"sceneLighting":true,"audioPlay":false,"sceneViewState":{"m_AlwaysRefresh":false,"showFog":true,"showSkybox":true,"showFlares":true,"showImageEffects":true,"showParticleSystems":true,"showVisualEffectGraphs":true,"m_FxEnabled":true},"in2DMode":false,"pivot":{"x":1.5071765184402466,"y":2.7435073852539064,"z":7.780364990234375},"rotation":{"x":0.18034332990646363,"y":0.07074669748544693,"z":-0.01304920669645071,"w":0.9809998869895935},"size":9.209046363830567,"orthographic":false}